soc_code,soc_title,nearest_role_slug,nearest_role_title,match_quality,score,risk_level
11-1011,Chief Executives,city-manager,City Manager,exact,14,Low
11-1021,General and Operations Managers,operations-manager,Operations Manager,exact,26,Low
11-1031,Legislators,operations-manager,Operations Manager,close,26,Low
11-2011,Advertising and Promotions Managers,advertising-manager,Advertising Manager,exact,44,Moderate
11-2021,Marketing Managers,marketing-manager,Marketing Manager,exact,41,Moderate
11-2022,Sales Managers,marketing-manager,Marketing Manager,close,41,Moderate
11-2032,Public Relations Managers,advertising-manager,Advertising Manager,close,44,Moderate
11-2033,Fundraising Managers,advertising-manager,Advertising Manager,close,44,Moderate
11-3012,Administrative Services Managers,facilities-manager,Facilities Manager,close,36,Moderate
11-3013,Facilities Managers,facilities-manager,Facilities Manager,exact,36,Moderate
11-3021,Computer and Information Systems Managers,it-manager,IT Manager,exact,14,Low
11-3031,Financial Managers,facilities-manager,Facilities Manager,close,36,Moderate
11-3051,Industrial Production Managers,facilities-manager,Facilities Manager,close,36,Moderate
11-3061,Purchasing Managers,purchasing-manager,Purchasing Manager,exact,19,Low
11-3071,"Transportation, Storage, and Distribution Managers",logistics-manager,Logistics Manager,exact,32,Low
11-3111,Compensation and Benefits Managers,hr-manager,HR Manager,close,37,Moderate
11-3121,Human Resources Managers,hr-manager,HR Manager,exact,37,Moderate
11-3131,Training and Development Managers,hr-manager,HR Manager,close,37,Moderate
11-9013,"Farmers, Ranchers, and Other Agricultural Managers",construction-manager,Construction Manager,close,22,Low
11-9021,Construction Managers,construction-manager,Construction Manager,exact,22,Low
11-9031,"Education and Childcare Administrators, Preschool and Daycare",school-principal,School Principal,close,20,Low
11-9032,"Education Administrators, Kindergarten through Secondary",school-principal,School Principal,exact,20,Low
11-9033,"Education Administrators, Postsecondary",school-principal,School Principal,close,20,Low
11-9039,"Education Administrators, All Other",school-principal,School Principal,close,20,Low
11-9041,Architectural and Engineering Managers,construction-manager,Construction Manager,close,22,Low
11-9051,Food Service Managers,restaurant-manager,Restaurant Manager,exact,30,Low
11-9071,Gambling Managers,construction-manager,Construction Manager,close,22,Low
11-9072,"Entertainment and Recreation Managers, Except Gambling",construction-manager,Construction Manager,close,22,Low
11-9081,Lodging Managers,hotel-manager,Hotel Manager,exact,24,Low
11-9111,Medical and Health Services Managers,healthcare-administrator,Healthcare Administrator,exact,30,Moderate
11-9121,Natural Sciences Managers,customer-success-manager,Customer Success Manager,close,39,Moderate
11-9131,Postmasters and Mail Superintendents,customer-success-manager,Customer Success Manager,close,39,Moderate
11-9141,"Property, Real Estate, and Community Association Managers",customer-success-manager,Customer Success Manager,close,39,Moderate
11-9151,Social and Community Service Managers,customer-success-manager,Customer Success Manager,close,39,Moderate
11-9161,Emergency Management Directors,emergency-management-director,Emergency Management Director,exact,18,Low
11-9171,Funeral Home Managers,customer-success-manager,Customer Success Manager,close,39,Moderate
11-9179,"Personal Service Managers, All Other",customer-success-manager,Customer Success Manager,close,39,Moderate
11-9199,"Managers, All Other",customer-success-manager,Customer Success Manager,exact,39,Moderate
13-1011,"Agents and Business Managers of Artists, Performers, and Athletes",compliance-analyst,Compliance Analyst,close,40,Moderate
13-1021,"Buyers and Purchasing Agents, Farm Products",procurement-specialist,Procurement Specialist,close,52,High
13-1022,"Wholesale and Retail Buyers, Except Farm Products",procurement-specialist,Procurement Specialist,close,52,High
13-1023,"Purchasing Agents, Except Wholesale, Retail, and Farm Products",procurement-specialist,Procurement Specialist,exact,52,High
13-1031,"Claims Adjusters, Examiners, and Investigators",claims-adjuster,Claims Adjuster,exact,48,Moderate
13-1032,"Insurance Appraisers, Auto Damage",claims-adjuster,Claims Adjuster,close,48,Moderate
13-1041,Compliance Officers,compliance-analyst,Compliance Analyst,exact,40,Moderate
13-1051,Cost Estimators,compliance-analyst,Compliance Analyst,close,40,Moderate
13-1071,Human Resources Specialists,executive-recruiter,Executive Recruiter,exact,24,Low
13-1074,Farm Labor Contractors,executive-recruiter,Executive Recruiter,close,24,Low
13-1075,Labor Relations Specialists,labor-relations-specialist,Labor Relations Specialist,exact,20,Low
13-1081,Logisticians,logistics-coordinator,Logistics Coordinator,exact,53,High
13-1082,Project Management Specialists,product-manager,Product Manager,exact,28,Low
13-1111,Management Analysts,business-analyst,Business Analyst,exact,43,Moderate
13-1121,"Meeting, Convention, and Event Planners",event-planner,Event Planner,exact,27,Low
13-1131,Fundraisers,business-analyst,Business Analyst,close,43,Moderate
13-1141,"Compensation, Benefits, and Job Analysis Specialists",compensation-analyst,Compensation Analyst,exact,54,High
13-1151,Training and Development Specialists,corporate-trainer,Corporate Trainer,exact,47,Moderate
13-1161,Market Research Analysts and Marketing Specialists,email-marketing-specialist,Email Marketing Specialist,exact,63,High
13-1199,"Business Operations Specialists, All Other",business-analyst,Business Analyst,close,43,Moderate
13-2011,Accountants and Auditors,accountant,Accountant,exact,56,High
13-2022,Appraisers of Personal and Business Property,real-estate-appraiser,Real Estate Appraiser,close,29,Low
13-2023,Appraisers and Assessors of Real Estate,real-estate-appraiser,Real Estate Appraiser,exact,29,Low
13-2031,Budget Analysts,budget-analyst,Budget Analyst,exact,49,High
13-2041,Credit Analysts,credit-analyst,Credit Analyst,exact,41,Moderate
13-2051,Financial and Investment Analysts,financial-analyst,Financial Analyst,exact,50,High
13-2052,Personal Financial Advisors,financial-advisor,Financial Advisor,exact,29,Low
13-2053,Insurance Underwriters,insurance-underwriter,Insurance Underwriter,exact,62,High
13-2054,Financial Risk Specialists,financial-risk-specialist,Financial Risk Specialist,exact,24,Low
13-2061,Financial Examiners,financial-examiner,Financial Examiner,exact,22,Low
13-2071,Credit Counselors,credit-counselor,Credit Counselor,exact,25,Low
13-2072,Loan Officers,loan-officer,Loan Officer,exact,57,High
13-2081,"Tax Examiners and Collectors, and Revenue Agents",tax-examiner,Tax Examiner,exact,44,Moderate
13-2082,Tax Preparers,tax-preparer,Tax Preparer,exact,69,High
13-2099,"Financial Specialists, All Other",fraud-investigator,Fraud Investigator,exact,33,Low
15-1211,Computer Systems Analysts,business-intelligence-analyst,Business Intelligence Analyst,exact,49,Moderate
15-1212,Information Security Analysts,cybersecurity-analyst,Cybersecurity Analyst,exact,26,Low
15-1221,Computer and Information Research Scientists,ai-research-scientist,AI Research Scientist,exact,17,Low
15-1231,Computer Network Support Specialists,network-support-specialist,Network Support Specialist,exact,49,Moderate
15-1232,Computer User Support Specialists,it-support-specialist,IT Support Specialist,exact,66,High
15-1241,Computer Network Architects,cloud-architect,Cloud Architect,exact,23,Low
15-1242,Database Administrators,database-administrator,Database Administrator,exact,43,Moderate
15-1243,Database Architects,database-architect,Database Architect,exact,22,Low
15-1244,Network and Computer Systems Administrators,systems-administrator,Systems Administrator,exact,51,High
15-1251,Computer Programmers,ai-engineer,AI Engineer,close,29,Low
15-1252,Software Developers,ai-engineer,AI Engineer,exact,29,Low
15-1253,Software Quality Assurance Analysts and Testers,qa-test-engineer,QA/Test Engineer,exact,49,High
15-1254,Web Developers,web-developer,Web Developer,exact,40,Moderate
15-1255,Web and Digital Interface Designers,ux-designer,UX Designer,exact,30,Moderate
15-1299,"Computer Occupations, All Other",ai-engineer,AI Engineer,close,29,Low
15-2011,Actuaries,actuary,Actuary,exact,19,Low
15-2021,Mathematicians,actuary,Actuary,close,19,Low
15-2031,Operations Research Analysts,actuary,Actuary,close,19,Low
15-2041,Statisticians,statistician,Statistician,exact,45,Moderate
15-2051,Data Scientists,data-analyst,Data Analyst,exact,47,Moderate
15-2099,"Mathematical Science Occupations, All Other",actuary,Actuary,close,19,Low
17-1011,"Architects, Except Landscape and Naval",surveyor,Surveyor,close,20,Low
17-1012,Landscape Architects,surveyor,Surveyor,close,20,Low
17-1021,Cartographers and Photogrammetrists,surveyor,Surveyor,close,20,Low
17-1022,Surveyors,surveyor,Surveyor,exact,20,Low
17-2011,Aerospace Engineers,aerospace-engineer,Aerospace Engineer,exact,21,Low
17-2021,Agricultural Engineers,civil-engineer,Civil Engineer,close,23,Low
17-2031,Bioengineers and Biomedical Engineers,biomedical-engineer,Biomedical Engineer,exact,25,Low
17-2041,Chemical Engineers,chemical-engineer,Chemical Engineer,exact,22,Low
17-2051,Civil Engineers,civil-engineer,Civil Engineer,exact,23,Low
17-2061,Computer Hardware Engineers,computer-hardware-engineer,Computer Hardware Engineer,exact,13,Low
17-2071,Electrical Engineers,electrical-engineer,Electrical Engineer,exact,28,Low
17-2072,"Electronics Engineers, Except Computer",electrical-engineer,Electrical Engineer,close,28,Low
17-2081,Environmental Engineers,environmental-engineer,Environmental Engineer,exact,24,Low
17-2111,"Health and Safety Engineers, Except Mining Safety Engineers and Inspectors",industrial-engineer,Industrial Engineer,close,34,Low
17-2112,Industrial Engineers,industrial-engineer,Industrial Engineer,exact,34,Low
17-2121,Marine Engineers and Naval Architects,mechanical-engineer,Mechanical Engineer,close,27,Low
17-2131,Materials Engineers,mechanical-engineer,Mechanical Engineer,close,27,Low
17-2141,Mechanical Engineers,mechanical-engineer,Mechanical Engineer,exact,27,Low
17-2151,"Mining and Geological Engineers, Including Mining Safety Engineers",mechanical-engineer,Mechanical Engineer,close,27,Low
17-2161,Nuclear Engineers,mechanical-engineer,Mechanical Engineer,close,27,Low
17-2171,Petroleum Engineers,petroleum-engineer,Petroleum Engineer,exact,18,Low
17-2199,"Engineers, All Other",quality-engineer,Quality Engineer,exact,37,Moderate
17-3011,Architectural and Civil Drafters,civil-engineer,Civil Engineer,approximate,23,Low
17-3012,Electrical and Electronics Drafters,civil-engineer,Civil Engineer,approximate,23,Low
17-3013,Mechanical Drafters,civil-engineer,Civil Engineer,approximate,23,Low
17-3019,"Drafters, All Other",civil-engineer,Civil Engineer,approximate,23,Low
17-3021,Aerospace Engineering and Operations Technologists and Technicians,civil-engineer,Civil Engineer,approximate,23,Low
17-3022,Civil Engineering Technologists and Technicians,civil-engineer,Civil Engineer,approximate,23,Low
17-3023,Electrical and Electronic Engineering Technologists and Technicians,civil-engineer,Civil Engineer,approximate,23,Low
17-3024,Electro-Mechanical and Mechatronics Technologists and Technicians,civil-engineer,Civil Engineer,approximate,23,Low
17-3025,Environmental Engineering Technologists and Technicians,civil-engineer,Civil Engineer,approximate,23,Low
17-3026,Industrial Engineering Technologists and Technicians,civil-engineer,Civil Engineer,approximate,23,Low
17-3027,Mechanical Engineering Technologists and Technicians,civil-engineer,Civil Engineer,approximate,23,Low
17-3028,Calibration Technologists and Technicians,civil-engineer,Civil Engineer,approximate,23,Low
17-3029,"Engineering Technologists and Technicians, Except Drafters, All Other",civil-engineer,Civil Engineer,approximate,23,Low
17-3031,Surveying and Mapping Technicians,civil-engineer,Civil Engineer,approximate,23,Low
19-1011,Animal Scientists,biologist,Biologist,close,25,Low
19-1012,Food Scientists and Technologists,biologist,Biologist,close,25,Low
19-1013,Soil and Plant Scientists,biologist,Biologist,close,25,Low
19-1021,Biochemists and Biophysicists,biologist,Biologist,close,25,Low
19-1022,Microbiologists,biologist,Biologist,close,25,Low
19-1023,Zoologists and Wildlife Biologists,biologist,Biologist,close,25,Low
19-1029,"Biological Scientists, All Other",biologist,Biologist,exact,25,Low
19-1031,Conservation Scientists,park-ranger,Park Ranger,exact,6,Low
19-1032,Foresters,park-ranger,Park Ranger,close,6,Low
19-1041,Epidemiologists,epidemiologist,Epidemiologist,exact,30,Low
19-1042,"Medical Scientists, Except Epidemiologists",research-scientist,Research Scientist,exact,25,Low
19-1099,"Life Scientists, All Other",biologist,Biologist,close,25,Low
19-2011,Astronomers,physicist,Physicist,close,25,Low
19-2012,Physicists,physicist,Physicist,exact,25,Low
19-2021,Atmospheric and Space Scientists,meteorologist,Meteorologist,exact,29,Low
19-2031,Chemists,chemist,Chemist,exact,27,Low
19-2032,Materials Scientists,materials-scientist,Materials Scientist,exact,29,Low
19-2041,"Environmental Scientists and Specialists, Including Health",geologist,Geologist,close,20,Low
19-2042,"Geoscientists, Except Hydrologists and Geographers",geologist,Geologist,exact,20,Low
19-2043,Hydrologists,geologist,Geologist,close,20,Low
19-2099,"Physical Scientists, All Other",chemist,Chemist,close,27,Low
19-3011,Economists,economist,Economist,exact,18,Low
19-3022,Survey Researchers,economist,Economist,close,18,Low
19-3032,Industrial-Organizational Psychologists,school-psychologist,School Psychologist,close,18,Low
19-3033,Clinical and Counseling Psychologists,school-psychologist,School Psychologist,close,18,Low
19-3034,School Psychologists,school-psychologist,School Psychologist,exact,18,Low
19-3039,"Psychologists, All Other",school-psychologist,School Psychologist,close,18,Low
19-3041,Sociologists,economist,Economist,close,18,Low
19-3051,Urban and Regional Planners,transportation-planner,Transportation Planner,exact,26,Low
19-3091,Anthropologists and Archeologists,policy-analyst,Policy Analyst,close,40,Moderate
19-3092,Geographers,policy-analyst,Policy Analyst,close,40,Moderate
19-3093,Historians,policy-analyst,Policy Analyst,close,40,Moderate
19-3094,Political Scientists,policy-analyst,Policy Analyst,close,40,Moderate
19-3099,"Social Scientists and Related Workers, All Other",policy-analyst,Policy Analyst,exact,40,Moderate
19-4012,Agricultural Technicians,biologist,Biologist,approximate,25,Low
19-4013,Food Science Technicians,biologist,Biologist,approximate,25,Low
19-4021,Biological Technicians,biologist,Biologist,approximate,25,Low
19-4031,Chemical Technicians,biologist,Biologist,approximate,25,Low
19-4042,"Environmental Science and Protection Technicians, Including Health",biologist,Biologist,approximate,25,Low
19-4043,"Geological Technicians, Except Hydrologic Technicians",biologist,Biologist,approximate,25,Low
19-4044,Hydrologic Technicians,biologist,Biologist,approximate,25,Low
19-4051,Nuclear Technicians,biologist,Biologist,approximate,25,Low
19-4061,Social Science Research Assistants,biologist,Biologist,approximate,25,Low
19-4071,Forest and Conservation Technicians,biologist,Biologist,approximate,25,Low
19-4092,Forensic Science Technicians,biologist,Biologist,approximate,25,Low
19-4099,"Life, Physical, and Social Science Technicians, All Other",biologist,Biologist,approximate,25,Low
19-5011,Occupational Health and Safety Specialists,biologist,Biologist,approximate,25,Low
19-5012,Occupational Health and Safety Technicians,biologist,Biologist,approximate,25,Low
21-1011,Substance Abuse and Behavioral Disorder Counselors,academic-advisor,Academic Advisor,close,41,Moderate
21-1012,"Educational, Guidance, and Career Counselors and Advisors",academic-advisor,Academic Advisor,exact,41,Moderate
21-1013,Marriage and Family Therapists,academic-advisor,Academic Advisor,close,41,Moderate
21-1014,Mental Health Counselors,mental-health-counselor,Mental Health Counselor,exact,11,Low
21-1015,Rehabilitation Counselors,academic-advisor,Academic Advisor,close,41,Moderate
21-1019,"Counselors, All Other",academic-advisor,Academic Advisor,close,41,Moderate
21-1021,"Child, Family, and School Social Workers",social-worker,Social Worker,close,16,Low
21-1022,Healthcare Social Workers,social-worker,Social Worker,close,16,Low
21-1023,Mental Health and Substance Abuse Social Workers,social-worker,Social Worker,close,16,Low
21-1029,"Social Workers, All Other",social-worker,Social Worker,exact,16,Low
21-1091,Health Education Specialists,probation-officer,Probation Officer,close,22,Low
21-1092,Probation Officers and Correctional Treatment Specialists,probation-officer,Probation Officer,exact,22,Low
21-1093,Social and Human Service Assistants,probation-officer,Probation Officer,close,22,Low
21-1094,Community Health Workers,probation-officer,Probation Officer,close,22,Low
21-1099,"Community and Social Service Specialists, All Other",probation-officer,Probation Officer,close,22,Low
21-2011,Clergy,academic-advisor,Academic Advisor,approximate,41,Moderate
21-2021,"Directors, Religious Activities and Education",academic-advisor,Academic Advisor,approximate,41,Moderate
21-2099,"Religious Workers, All Other",academic-advisor,Academic Advisor,approximate,41,Moderate
23-1011,Lawyers,lawyer,Lawyer,exact,31,Moderate
23-1012,Judicial Law Clerks,judicial-law-clerk,Judicial Law Clerk,exact,39,Moderate
23-1021,"Administrative Law Judges, Adjudicators, and Hearing Officers",administrative-law-judge,Administrative Law Judge,exact,15,Low
23-1022,"Arbitrators, Mediators, and Conciliators",mediator,Mediator,exact,13,Low
23-1023,"Judges, Magistrate Judges, and Magistrates",judge,Judge,exact,8,Low
23-2011,Paralegals and Legal Assistants,contract-reviewer,Contract Reviewer,exact,69,High
23-2093,"Title Examiners, Abstractors, and Searchers",title-examiner,Title Examiner,exact,58,High
23-2099,"Legal Support Workers, All Other",e-discovery-specialist,E-Discovery Specialist,exact,67,High
25-1011,"Business Teachers, Postsecondary",college-professor,College Professor,approximate,26,Low
25-1021,"Computer Science Teachers, Postsecondary",college-professor,College Professor,approximate,26,Low
25-1022,"Mathematical Science Teachers, Postsecondary",college-professor,College Professor,approximate,26,Low
25-1031,"Architecture Teachers, Postsecondary",college-professor,College Professor,approximate,26,Low
25-1032,"Engineering Teachers, Postsecondary",college-professor,College Professor,approximate,26,Low
25-1041,"Agricultural Sciences Teachers, Postsecondary",college-professor,College Professor,approximate,26,Low
25-1042,"Biological Science Teachers, Postsecondary",college-professor,College Professor,approximate,26,Low
25-1043,"Forestry and Conservation Science Teachers, Postsecondary",college-professor,College Professor,approximate,26,Low
25-1051,"Atmospheric, Earth, Marine, and Space Sciences Teachers, Postsecondary",college-professor,College Professor,approximate,26,Low
25-1052,"Chemistry Teachers, Postsecondary",college-professor,College Professor,approximate,26,Low
25-1053,"Environmental Science Teachers, Postsecondary",college-professor,College Professor,approximate,26,Low
25-1054,"Physics Teachers, Postsecondary",college-professor,College Professor,approximate,26,Low
25-1061,"Anthropology and Archeology Teachers, Postsecondary",college-professor,College Professor,approximate,26,Low
25-1062,"Area, Ethnic, and Cultural Studies Teachers, Postsecondary",college-professor,College Professor,approximate,26,Low
25-1063,"Economics Teachers, Postsecondary",college-professor,College Professor,approximate,26,Low
25-1064,"Geography Teachers, Postsecondary",college-professor,College Professor,approximate,26,Low
25-1065,"Political Science Teachers, Postsecondary",college-professor,College Professor,approximate,26,Low
25-1066,"Psychology Teachers, Postsecondary",college-professor,College Professor,approximate,26,Low
25-1067,"Sociology Teachers, Postsecondary",college-professor,College Professor,approximate,26,Low
25-1069,"Social Sciences Teachers, Postsecondary, All Other",college-professor,College Professor,approximate,26,Low
25-1071,"Health Specialties Teachers, Postsecondary",college-professor,College Professor,approximate,26,Low
25-1072,"Nursing Instructors and Teachers, Postsecondary",college-professor,College Professor,approximate,26,Low
25-1081,"Education Teachers, Postsecondary",college-professor,College Professor,approximate,26,Low
25-1082,"Library Science Teachers, Postsecondary",college-professor,College Professor,approximate,26,Low
25-1111,"Criminal Justice and Law Enforcement Teachers, Postsecondary",college-professor,College Professor,close,26,Low
25-1112,"Law Teachers, Postsecondary",college-professor,College Professor,close,26,Low
25-1113,"Social Work Teachers, Postsecondary",college-professor,College Professor,close,26,Low
25-1121,"Art, Drama, and Music Teachers, Postsecondary",college-professor,College Professor,close,26,Low
25-1122,"Communications Teachers, Postsecondary",college-professor,College Professor,close,26,Low
25-1123,"English Language and Literature Teachers, Postsecondary",college-professor,College Professor,close,26,Low
25-1124,"Foreign Language and Literature Teachers, Postsecondary",college-professor,College Professor,close,26,Low
25-1125,"History Teachers, Postsecondary",college-professor,College Professor,close,26,Low
25-1126,"Philosophy and Religion Teachers, Postsecondary",college-professor,College Professor,close,26,Low
25-1192,"Family and Consumer Sciences Teachers, Postsecondary",college-professor,College Professor,close,26,Low
25-1193,"Recreation and Fitness Studies Teachers, Postsecondary",college-professor,College Professor,close,26,Low
25-1194,"Career/Technical Education Teachers, Postsecondary",college-professor,College Professor,close,26,Low
25-1199,"Postsecondary Teachers, All Other",college-professor,College Professor,exact,26,Low
25-2011,"Preschool Teachers, Except Special Education",preschool-teacher,Preschool Teacher,exact,9,Low
25-2012,"Kindergarten Teachers, Except Special Education",preschool-teacher,Preschool Teacher,close,9,Low
25-2021,"Elementary School Teachers, Except Special Education",teacher,Teacher (K-12),exact,25,Low
25-2022,"Middle School Teachers, Except Special and Career/Technical Education",teacher,Teacher (K-12),close,25,Low
25-2023,"Career/Technical Education Teachers, Middle School",teacher,Teacher (K-12),close,25,Low
25-2031,"Secondary School Teachers, Except Special and Career/Technical Education",special-education-teacher,Special Education Teacher,close,16,Low
25-2032,"Career/Technical Education Teachers, Secondary School",special-education-teacher,Special Education Teacher,close,16,Low
25-2051,"Special Education Teachers, Preschool",special-education-teacher,Special Education Teacher,close,16,Low
25-2055,"Special Education Teachers, Kindergarten",special-education-teacher,Special Education Teacher,close,16,Low
25-2056,"Special Education Teachers, Elementary School",special-education-teacher,Special Education Teacher,close,16,Low
25-2057,"Special Education Teachers, Middle School",special-education-teacher,Special Education Teacher,close,16,Low
25-2058,"Special Education Teachers, Secondary School",special-education-teacher,Special Education Teacher,exact,16,Low
25-2059,"Special Education Teachers, All Other",special-education-teacher,Special Education Teacher,close,16,Low
25-3011,"Adult Basic Education, Adult Secondary Education, and English as a Second Language Instructors",esl-teacher,ESL Teacher,exact,33,Low
25-3021,Self-Enrichment Teachers,tutor,Tutor,close,55,High
25-3031,"Substitute Teachers, Short-Term",tutor,Tutor,close,55,High
25-3041,Tutors,tutor,Tutor,exact,55,High
25-3099,"Teachers and Instructors, All Other",tutor,Tutor,close,55,High
25-4011,Archivists,librarian,Librarian,close,28,Low
25-4012,Curators,librarian,Librarian,close,28,Low
25-4013,Museum Technicians and Conservators,librarian,Librarian,close,28,Low
25-4022,Librarians and Media Collections Specialists,librarian,Librarian,exact,28,Low
25-4031,Library Technicians,librarian,Librarian,close,28,Low
25-9021,Farm and Home Management Educators,instructional-designer,Instructional Designer,close,49,Moderate
25-9031,Instructional Coordinators,instructional-designer,Instructional Designer,exact,49,Moderate
25-9042,"Teaching Assistants, Preschool, Elementary, Middle, and Secondary School, Except Special Education",teaching-assistant,Teaching Assistant,exact,21,Low
25-9043,"Teaching Assistants, Special Education",teaching-assistant,Teaching Assistant,close,21,Low
25-9044,"Teaching Assistants, Postsecondary",teaching-assistant,Teaching Assistant,close,21,Low
25-9049,"Teaching Assistants, All Other",teaching-assistant,Teaching Assistant,close,21,Low
25-9099,"Educational Instruction and Library Workers, All Other",instructional-designer,Instructional Designer,close,49,Moderate
27-1011,Art Directors,art-director,Art Director,exact,30,Low
27-1012,Craft Artists,craft-artist,Craft Artist,exact,5,Low
27-1013,"Fine Artists, Including Painters, Sculptors, and Illustrators",illustrator,Illustrator,exact,52,High
27-1014,Special Effects Artists and Animators,animator,Animator,exact,41,Moderate
27-1019,"Artists and Related Workers, All Other",animator,Animator,close,41,Moderate
27-1021,Commercial and Industrial Designers,graphic-designer,Graphic Designer,close,55,High
27-1022,Fashion Designers,fashion-designer,Fashion Designer,exact,32,Low
27-1023,Floral Designers,graphic-designer,Graphic Designer,close,55,High
27-1024,Graphic Designers,graphic-designer,Graphic Designer,exact,55,High
27-1025,Interior Designers,interior-designer,Interior Designer,exact,29,Low
27-1026,Merchandise Displayers and Window Trimmers,graphic-designer,Graphic Designer,close,55,High
27-1027,Set and Exhibit Designers,set-designer,Set Designer,exact,23,Low
27-1029,"Designers, All Other",graphic-designer,Graphic Designer,close,55,High
27-2011,Actors,voice-actor,Voice Actor,exact,42,Moderate
27-2012,Producers and Directors,music-producer,Music Producer,exact,40,Moderate
27-2021,Athletes and Sports Competitors,music-producer,Music Producer,close,40,Moderate
27-2022,Coaches and Scouts,music-producer,Music Producer,close,40,Moderate
27-2023,"Umpires, Referees, and Other Sports Officials",music-producer,Music Producer,close,40,Moderate
27-2031,Dancers,choreographer,Choreographer,close,8,Low
27-2032,Choreographers,choreographer,Choreographer,exact,8,Low
27-2041,Music Directors and Composers,music-producer,Music Producer,close,40,Moderate
27-2042,Musicians and Singers,music-producer,Music Producer,close,40,Moderate
27-2091,"Disc Jockeys, Except Radio",music-producer,Music Producer,close,40,Moderate
27-2099,"Entertainers and Performers, Sports and Related Workers, All Other",music-producer,Music Producer,close,40,Moderate
27-3011,Broadcast Announcers and Radio Disc Jockeys,author,Author,close,38,Moderate
27-3023,"News Analysts, Reporters, and Journalists",journalist,Journalist,exact,44,Moderate
27-3031,Public Relations Specialists,pr-specialist,PR Specialist,exact,47,Moderate
27-3041,Editors,copy-editor,Copy Editor,exact,58,High
27-3042,Technical Writers,technical-writer,Technical Writer,exact,60,High
27-3043,Writers and Authors,author,Author,exact,38,Moderate
27-3091,Interpreters and Translators,translator,Translator,exact,59,High
27-3092,Court Reporters and Simultaneous Captioners,court-reporter,Court Reporter,exact,63,High
27-3099,"Media and Communication Workers, All Other",court-reporter,Court Reporter,close,63,High
27-4011,Audio and Video Technicians,sound-designer,Sound Designer,close,35,Low
27-4012,Broadcast Technicians,sound-designer,Sound Designer,close,35,Low
27-4014,Sound Engineering Technicians,sound-designer,Sound Designer,exact,35,Low
27-4015,Lighting Technicians,sound-designer,Sound Designer,close,35,Low
27-4021,Photographers,photographer,Photographer,exact,35,Moderate
27-4031,"Camera Operators, Television, Video, and Film",video-editor,Video Editor,close,45,Moderate
27-4032,Film and Video Editors,video-editor,Video Editor,exact,45,Moderate
27-4099,"Media and Communication Equipment Workers, All Other",photographer,Photographer,close,35,Moderate
29-1011,Chiropractors,dentist,Dentist,close,9,Low
29-1021,"Dentists, General",dentist,Dentist,exact,9,Low
29-1022,Oral and Maxillofacial Surgeons,dentist,Dentist,close,9,Low
29-1023,Orthodontists,dentist,Dentist,close,9,Low
29-1024,Prosthodontists,dentist,Dentist,close,9,Low
29-1029,"Dentists, All Other Specialists",dentist,Dentist,close,9,Low
29-1031,Dietitians and Nutritionists,dietitian,Dietitian,exact,26,Low
29-1041,Optometrists,optometrist,Optometrist,exact,18,Low
29-1051,Pharmacists,pharmacist,Pharmacist,exact,35,Moderate
29-1071,Physician Assistants,physician-assistant,Physician Assistant,exact,16,Low
29-1081,Podiatrists,dentist,Dentist,close,9,Low
29-1122,Occupational Therapists,occupational-therapist,Occupational Therapist,exact,9,Low
29-1123,Physical Therapists,physical-therapist,Physical Therapist,exact,11,Low
29-1124,Radiation Therapists,physical-therapist,Physical Therapist,close,11,Low
29-1125,Recreational Therapists,physical-therapist,Physical Therapist,close,11,Low
29-1126,Respiratory Therapists,physical-therapist,Physical Therapist,close,11,Low
29-1127,Speech-Language Pathologists,speech-language-pathologist,Speech-Language Pathologist,exact,14,Low
29-1128,Exercise Physiologists,physical-therapist,Physical Therapist,close,11,Low
29-1129,"Therapists, All Other",physical-therapist,Physical Therapist,close,11,Low
29-1131,Veterinarians,veterinarian,Veterinarian,exact,12,Low
29-1141,Registered Nurses,nurse,Nurse (RN),exact,10,Low
29-1151,Nurse Anesthetists,nurse,Nurse (RN),close,10,Low
29-1161,Nurse Midwives,nurse,Nurse (RN),close,10,Low
29-1171,Nurse Practitioners,nurse-practitioner,Nurse Practitioner,exact,18,Low
29-1181,Audiologists,nurse,Nurse (RN),close,10,Low
29-1211,Anesthesiologists,dental-hygienist,Dental Hygienist,close,5,Low
29-1212,Cardiologists,dental-hygienist,Dental Hygienist,close,5,Low
29-1213,Dermatologists,dental-hygienist,Dental Hygienist,close,5,Low
29-1214,Emergency Medicine Physicians,dental-hygienist,Dental Hygienist,close,5,Low
29-1215,Family Medicine Physicians,dental-hygienist,Dental Hygienist,close,5,Low
29-1216,General Internal Medicine Physicians,dental-hygienist,Dental Hygienist,close,5,Low
29-1217,Neurologists,dental-hygienist,Dental Hygienist,close,5,Low
29-1218,Obstetricians and Gynecologists,dental-hygienist,Dental Hygienist,close,5,Low
29-1221,"Pediatricians, General",physician,Physician,close,20,Low
29-1222,"Physicians, Pathologists",physician,Physician,close,20,Low
29-1223,Psychiatrists,psychiatrist,Psychiatrist,exact,12,Low
29-1224,Radiologists,radiologist,Radiologist,exact,34,Moderate
29-1229,"Physicians, All Other",physician,Physician,exact,20,Low
29-1241,"Ophthalmologists, Except Pediatric",surgeon,Surgeon,close,6,Low
29-1242,"Orthopedic Surgeons, Except Pediatric",surgeon,Surgeon,close,6,Low
29-1243,Pediatric Surgeons,surgeon,Surgeon,close,6,Low
29-1249,"Surgeons, All Other",surgeon,Surgeon,exact,6,Low
29-1291,Acupuncturists,dental-hygienist,Dental Hygienist,close,5,Low
29-1292,Dental Hygienists,dental-hygienist,Dental Hygienist,exact,5,Low
29-1299,"Healthcare Diagnosing or Treating Practitioners, All Other",dental-hygienist,Dental Hygienist,close,5,Low
29-2011,Medical and Clinical Laboratory Technologists,medical-lab-scientist,Medical Lab Scientist,exact,21,Low
29-2012,Medical and Clinical Laboratory Technicians,lab-technician,Lab Technician,exact,30,Moderate
29-2031,Cardiovascular Technologists and Technicians,medical-sonographer,Medical Sonographer,close,16,Low
29-2032,Diagnostic Medical Sonographers,medical-sonographer,Medical Sonographer,exact,16,Low
29-2033,Nuclear Medicine Technologists,medical-sonographer,Medical Sonographer,close,16,Low
29-2034,Radiologic Technologists and Technicians,radiologic-technologist,Radiologic Technologist,exact,12,Low
29-2035,Magnetic Resonance Imaging Technologists,medical-sonographer,Medical Sonographer,close,16,Low
29-2036,Medical Dosimetrists,medical-sonographer,Medical Sonographer,close,16,Low
29-2042,Emergency Medical Technicians,emt-paramedic,EMT/Paramedic,exact,8,Low
29-2043,Paramedics,emt-paramedic,EMT/Paramedic,close,8,Low
29-2051,Dietetic Technicians,pharmacy-technician,Pharmacy Technician,close,42,Moderate
29-2052,Pharmacy Technicians,pharmacy-technician,Pharmacy Technician,exact,42,Moderate
29-2053,Psychiatric Technicians,pharmacy-technician,Pharmacy Technician,close,42,Moderate
29-2055,Surgical Technologists,pharmacy-technician,Pharmacy Technician,close,42,Moderate
29-2056,Veterinary Technologists and Technicians,veterinary-technician,Veterinary Technician,exact,13,Low
29-2057,Ophthalmic Medical Technicians,pharmacy-technician,Pharmacy Technician,close,42,Moderate
29-2061,Licensed Practical and Licensed Vocational Nurses,emt-paramedic,EMT/Paramedic,close,8,Low
29-2072,Medical Records Specialists,medical-coder,Medical Coder,exact,57,High
29-2081,"Opticians, Dispensing",emt-paramedic,EMT/Paramedic,close,8,Low
29-2091,Orthotists and Prosthetists,emt-paramedic,EMT/Paramedic,close,8,Low
29-2092,Hearing Aid Specialists,emt-paramedic,EMT/Paramedic,close,8,Low
29-2099,"Health Technologists and Technicians, All Other",emt-paramedic,EMT/Paramedic,close,8,Low
29-9021,Health Information Technologists and Medical Registrars,dental-hygienist,Dental Hygienist,approximate,5,Low
29-9091,Athletic Trainers,dental-hygienist,Dental Hygienist,approximate,5,Low
29-9092,Genetic Counselors,dental-hygienist,Dental Hygienist,approximate,5,Low
29-9093,Surgical Assistants,dental-hygienist,Dental Hygienist,approximate,5,Low
29-9099,"Healthcare Practitioners and Technical Workers, All Other",dental-hygienist,Dental Hygienist,approximate,5,Low
31-1121,Home Health Aides,home-health-aide,Home Health Aide,exact,4,Low
31-1122,Personal Care Aides,home-health-aide,Home Health Aide,close,4,Low
31-1131,Nursing Assistants,home-health-aide,Home Health Aide,close,4,Low
31-1132,Orderlies,home-health-aide,Home Health Aide,close,4,Low
31-1133,Psychiatric Aides,home-health-aide,Home Health Aide,close,4,Low
31-2011,Occupational Therapy Assistants,home-health-aide,Home Health Aide,approximate,4,Low
31-2012,Occupational Therapy Aides,home-health-aide,Home Health Aide,approximate,4,Low
31-2021,Physical Therapist Assistants,home-health-aide,Home Health Aide,approximate,4,Low
31-2022,Physical Therapist Aides,home-health-aide,Home Health Aide,approximate,4,Low
31-9011,Massage Therapists,massage-therapist,Massage Therapist,exact,5,Low
31-9091,Dental Assistants,medical-assistant,Medical Assistant,close,26,Low
31-9092,Medical Assistants,medical-assistant,Medical Assistant,exact,26,Low
31-9093,Medical Equipment Preparers,medical-assistant,Medical Assistant,close,26,Low
31-9094,Medical Transcriptionists,medical-transcriptionist,Medical Transcriptionist,exact,75,Very High
31-9095,Pharmacy Aides,medical-assistant,Medical Assistant,close,26,Low
31-9096,Veterinary Assistants and Laboratory Animal Caretakers,medical-assistant,Medical Assistant,close,26,Low
31-9097,Phlebotomists,phlebotomist,Phlebotomist,exact,5,Low
31-9099,"Healthcare Support Workers, All Other",medical-assistant,Medical Assistant,close,26,Low
33-1011,First-Line Supervisors of Correctional Officers,firefighter,Firefighter,approximate,5,Low
33-1012,First-Line Supervisors of Police and Detectives,firefighter,Firefighter,approximate,5,Low
33-1021,First-Line Supervisors of Firefighting and Prevention Workers,firefighter,Firefighter,approximate,5,Low
33-1091,First-Line Supervisors of Security Workers,firefighter,Firefighter,approximate,5,Low
33-1099,"First-Line Supervisors of Protective Service Workers, All Other",firefighter,Firefighter,approximate,5,Low
33-2011,Firefighters,firefighter,Firefighter,exact,5,Low
33-2021,Fire Inspectors and Investigators,firefighter,Firefighter,close,5,Low
33-2022,Forest Fire Inspectors and Prevention Specialists,firefighter,Firefighter,close,5,Low
33-3011,Bailiffs,correctional-officer,Correctional Officer,close,7,Low
33-3012,Correctional Officers and Jailers,correctional-officer,Correctional Officer,exact,7,Low
33-3021,Detectives and Criminal Investigators,detective,Detective,exact,22,Low
33-3031,Fish and Game Wardens,police-officer,Police Officer,close,13,Low
33-3041,Parking Enforcement Workers,police-officer,Police Officer,close,13,Low
33-3051,Police and Sheriff's Patrol Officers,police-officer,Police Officer,exact,13,Low
33-3052,Transit and Railroad Police,police-officer,Police Officer,close,13,Low
33-9011,Animal Control Workers,security-guard,Security Guard,close,25,Low
33-9021,Private Detectives and Investigators,security-guard,Security Guard,close,25,Low
33-9031,Gambling Surveillance Officers and Gambling Investigators,security-guard,Security Guard,close,25,Low
33-9032,Security Guards,security-guard,Security Guard,exact,25,Low
33-9091,Crossing Guards and Flaggers,security-guard,Security Guard,close,25,Low
33-9092,"Lifeguards, Ski Patrol, and Other Recreational Protective Service Workers",security-guard,Security Guard,close,25,Low
33-9093,Transportation Security Screeners,security-guard,Security Guard,close,25,Low
33-9094,School Bus Monitors,security-guard,Security Guard,close,25,Low
33-9099,"Protective Service Workers, All Other",security-guard,Security Guard,close,25,Low
35-1011,Chefs and Head Cooks,chef,Chef,exact,13,Low
35-1012,First-Line Supervisors of Food Preparation and Serving Workers,chef,Chef,close,13,Low
35-2011,"Cooks, Fast Food",line-cook,Line Cook,close,15,Low
35-2012,"Cooks, Institution and Cafeteria",line-cook,Line Cook,close,15,Low
35-2013,"Cooks, Private Household",line-cook,Line Cook,close,15,Low
35-2014,"Cooks, Restaurant",line-cook,Line Cook,exact,15,Low
35-2015,"Cooks, Short Order",line-cook,Line Cook,close,15,Low
35-2019,"Cooks, All Other",line-cook,Line Cook,close,15,Low
35-2021,Food Preparation Workers,line-cook,Line Cook,close,15,Low
35-3011,Bartenders,bartender,Bartender,exact,10,Low
35-3023,Fast Food and Counter Workers,barista,Barista,exact,32,Low
35-3031,Waiters and Waitresses,restaurant-server,Restaurant Server,exact,18,Low
35-3041,"Food Servers, Nonrestaurant",bartender,Bartender,close,10,Low
35-9011,Dining Room and Cafeteria Attendants and Bartender Helpers,bartender,Bartender,approximate,10,Low
35-9021,Dishwashers,bartender,Bartender,approximate,10,Low
35-9031,"Hosts and Hostesses, Restaurant, Lounge, and Coffee Shop",bartender,Bartender,approximate,10,Low
35-9099,"Food Preparation and Serving Related Workers, All Other",bartender,Bartender,approximate,10,Low
37-1011,First-Line Supervisors of Housekeeping and Janitorial Workers,housekeeper,Housekeeper,approximate,6,Low
37-1012,"First-Line Supervisors of Landscaping, Lawn Service, and Groundskeeping Workers",housekeeper,Housekeeper,approximate,6,Low
37-2011,"Janitors and Cleaners, Except Maids and Housekeeping Cleaners",janitor,Janitor,exact,7,Low
37-2012,Maids and Housekeeping Cleaners,housekeeper,Housekeeper,exact,6,Low
37-2019,"Building Cleaning Workers, All Other",housekeeper,Housekeeper,close,6,Low
37-2021,Pest Control Workers,housekeeper,Housekeeper,close,6,Low
37-3011,Landscaping and Groundskeeping Workers,landscaper,Landscaper,exact,9,Low
37-3012,"Pesticide Handlers, Sprayers, and Applicators, Vegetation",landscaper,Landscaper,close,9,Low
37-3013,Tree Trimmers and Pruners,landscaper,Landscaper,close,9,Low
37-3019,"Grounds Maintenance Workers, All Other",landscaper,Landscaper,close,9,Low
39-1013,First-Line Supervisors of Gambling Services Workers,childcare-worker,Childcare Worker,approximate,6,Low
39-1014,"First-Line Supervisors of Entertainment and Recreation Workers, Except Gambling Services",childcare-worker,Childcare Worker,approximate,6,Low
39-1022,First-Line Supervisors of Personal Service Workers,childcare-worker,Childcare Worker,approximate,6,Low
39-2011,Animal Trainers,pet-groomer,Pet Groomer,close,6,Low
39-2021,Animal Caretakers,pet-groomer,Pet Groomer,exact,6,Low
39-3011,Gambling Dealers,childcare-worker,Childcare Worker,approximate,6,Low
39-3012,Gambling and Sports Book Writers and Runners,childcare-worker,Childcare Worker,approximate,6,Low
39-3019,"Gambling Service Workers, All Other",childcare-worker,Childcare Worker,approximate,6,Low
39-3021,Motion Picture Projectionists,childcare-worker,Childcare Worker,approximate,6,Low
39-3031,"Ushers, Lobby Attendants, and Ticket Takers",childcare-worker,Childcare Worker,approximate,6,Low
39-3091,Amusement and Recreation Attendants,childcare-worker,Childcare Worker,approximate,6,Low
39-3092,Costume Attendants,childcare-worker,Childcare Worker,approximate,6,Low
39-3093,"Locker Room, Coatroom, and Dressing Room Attendants",childcare-worker,Childcare Worker,approximate,6,Low
39-3099,"Entertainment Attendants and Related Workers, All Other",childcare-worker,Childcare Worker,approximate,6,Low
39-4011,Embalmers,funeral-director,Funeral Director,close,12,Low
39-4012,Crematory Operators,funeral-director,Funeral Director,close,12,Low
39-4021,Funeral Attendants,funeral-director,Funeral Director,close,12,Low
39-4031,"Morticians, Undertakers, and Funeral Arrangers",funeral-director,Funeral Director,exact,12,Low
39-5011,Barbers,barber,Barber,exact,7,Low
39-5012,"Hairdressers, Hairstylists, and Cosmetologists",hair-stylist,Hair Stylist,exact,7,Low
39-5091,"Makeup Artists, Theatrical and Performance",esthetician,Esthetician,close,9,Low
39-5092,Manicurists and Pedicurists,esthetician,Esthetician,close,9,Low
39-5093,Shampooers,esthetician,Esthetician,close,9,Low
39-5094,Skincare Specialists,esthetician,Esthetician,exact,9,Low
39-6011,Baggage Porters and Bellhops,concierge,Concierge,close,40,Moderate
39-6012,Concierges,concierge,Concierge,exact,40,Moderate
39-7011,Tour Guides and Escorts,tour-guide,Tour Guide,exact,19,Low
39-7012,Travel Guides,tour-guide,Tour Guide,close,19,Low
39-9011,Childcare Workers,childcare-worker,Childcare Worker,exact,6,Low
39-9031,Exercise Trainers and Group Fitness Instructors,personal-trainer,Personal Trainer,exact,18,Low
39-9032,Recreation Workers,personal-trainer,Personal Trainer,close,18,Low
39-9041,Residential Advisors,childcare-worker,Childcare Worker,close,6,Low
39-9099,"Personal Care and Service Workers, All Other",childcare-worker,Childcare Worker,close,6,Low
41-1011,First-Line Supervisors of Retail Sales Workers,cashier,Cashier,approximate,64,High
41-1012,First-Line Supervisors of Non-Retail Sales Workers,cashier,Cashier,approximate,64,High
41-2011,Cashiers,cashier,Cashier,exact,64,High
41-2012,Gambling Change Persons and Booth Cashiers,cashier,Cashier,close,64,High
41-2021,Counter and Rental Clerks,cashier,Cashier,close,64,High
41-2022,Parts Salespersons,cashier,Cashier,close,64,High
41-2031,Retail Salespersons,retail-salesperson,Retail Salesperson,exact,19,Low
41-3011,Advertising Sales Agents,media-buyer,Media Buyer,exact,61,High
41-3021,Insurance Sales Agents,insurance-sales-agent,Insurance Sales Agent,exact,34,Low
41-3031,"Securities, Commodities, and Financial Services Sales Agents",investment-banker,Investment Banker,exact,15,Low
41-3041,Travel Agents,travel-agent,Travel Agent,exact,51,High
41-3091,"Sales Representatives of Services, Except Advertising, Insurance, Financial Services, and Travel",sales-representative,Sales Representative,exact,40,Moderate
41-4011,"Sales Representatives, Wholesale and Manufacturing, Technical and Scientific Products",wholesale-sales-representative,Wholesale Sales Representative,close,31,Low
41-4012,"Sales Representatives, Wholesale and Manufacturing, Except Technical and Scientific Products",wholesale-sales-representative,Wholesale Sales Representative,exact,31,Low
41-9011,Demonstrators and Product Promoters,product-demonstrator,Product Demonstrator,exact,11,Low
41-9012,Models,product-demonstrator,Product Demonstrator,close,11,Low
41-9021,Real Estate Brokers,real-estate-agent,Real Estate Agent,close,25,Low
41-9022,Real Estate Sales Agents,real-estate-agent,Real Estate Agent,exact,25,Low
41-9031,Sales Engineers,real-estate-agent,Real Estate Agent,close,25,Low
41-9041,Telemarketers,telemarketer,Telemarketer,exact,77,Very High
41-9091,"Door-to-Door Sales Workers, News and Street Vendors, and Related Workers",real-estate-agent,Real Estate Agent,close,25,Low
41-9099,"Sales and Related Workers, All Other",real-estate-agent,Real Estate Agent,close,25,Low
43-1011,First-Line Supervisors of Office and Administrative Support Workers,office-manager,Office Manager,exact,53,High
43-2011,"Switchboard Operators, Including Answering Service",911-dispatcher,911 Dispatcher,approximate,26,Low
43-2021,Telephone Operators,911-dispatcher,911 Dispatcher,approximate,26,Low
43-2099,"Communications Equipment Operators, All Other",911-dispatcher,911 Dispatcher,approximate,26,Low
43-3011,Bill and Account Collectors,bank-teller,Bank Teller,close,58,High
43-3021,Billing and Posting Clerks,billing-specialist,Billing Specialist,exact,58,High
43-3031,"Bookkeeping, Accounting, and Auditing Clerks",bookkeeper,Bookkeeper,exact,56,High
43-3041,Gambling Cage Workers,bank-teller,Bank Teller,close,58,High
43-3051,Payroll and Timekeeping Clerks,payroll-specialist,Payroll Specialist,exact,73,High
43-3061,Procurement Clerks,bank-teller,Bank Teller,close,58,High
43-3071,Tellers,bank-teller,Bank Teller,exact,58,High
43-3099,"Financial Clerks, All Other",bank-teller,Bank Teller,close,58,High
43-4011,Brokerage Clerks,call-center-agent,Call Center Agent,close,73,High
43-4021,Correspondence Clerks,call-center-agent,Call Center Agent,close,73,High
43-4031,"Court, Municipal, and License Clerks",court-clerk,Court Clerk,exact,40,Moderate
43-4041,"Credit Authorizers, Checkers, and Clerks",call-center-agent,Call Center Agent,close,73,High
43-4051,Customer Service Representatives,call-center-agent,Call Center Agent,exact,73,High
43-4061,"Eligibility Interviewers, Government Programs",call-center-agent,Call Center Agent,close,73,High
43-4071,File Clerks,records-clerk,Records Clerk,exact,59,High
43-4081,"Hotel, Motel, and Resort Desk Clerks",hotel-front-desk-agent,Hotel Front Desk Agent,exact,50,Moderate
43-4111,"Interviewers, Except Eligibility and Loan",receptionist,Receptionist,close,72,High
43-4121,"Library Assistants, Clerical",receptionist,Receptionist,close,72,High
43-4131,Loan Interviewers and Clerks,receptionist,Receptionist,close,72,High
43-4141,New Accounts Clerks,receptionist,Receptionist,close,72,High
43-4151,Order Clerks,order-clerk,Order Clerk,exact,67,High
43-4161,"Human Resources Assistants, Except Payroll and Timekeeping",receptionist,Receptionist,close,72,High
43-4171,Receptionists and Information Clerks,receptionist,Receptionist,exact,72,High
43-4181,Reservation and Transportation Ticket Agents and Travel Clerks,receptionist,Receptionist,close,72,High
43-4199,"Information and Record Clerks, All Other",receptionist,Receptionist,close,72,High
43-5011,Cargo and Freight Agents,freight-broker,Freight Broker,exact,45,Moderate
43-5021,Couriers and Messengers,courier,Courier,exact,14,Low
43-5031,Public Safety Telecommunicators,911-dispatcher,911 Dispatcher,exact,26,Low
43-5032,"Dispatchers, Except Police, Fire, and Ambulance",dispatcher,Dispatcher,exact,42,Moderate
43-5041,"Meter Readers, Utilities",911-dispatcher,911 Dispatcher,close,26,Low
43-5051,Postal Service Clerks,postal-worker,Postal Worker,close,12,Low
43-5052,Postal Service Mail Carriers,postal-worker,Postal Worker,exact,12,Low
43-5053,"Postal Service Mail Sorters, Processors, and Processing Machine Operators",postal-worker,Postal Worker,close,12,Low
43-5061,"Production, Planning, and Expediting Clerks",911-dispatcher,911 Dispatcher,close,26,Low
43-5071,"Shipping, Receiving, and Inventory Clerks",inventory-clerk,Inventory Clerk,exact,59,High
43-5111,"Weighers, Measurers, Checkers, and Samplers, Recordkeeping",911-dispatcher,911 Dispatcher,approximate,26,Low
43-6011,Executive Secretaries and Executive Administrative Assistants,executive-assistant,Executive Assistant,exact,61,High
43-6012,Legal Secretaries and Administrative Assistants,legal-secretary,Legal Secretary,exact,68,High
43-6013,Medical Secretaries and Administrative Assistants,administrative-assistant,Administrative Assistant,close,80,Very High
43-6014,"Secretaries and Administrative Assistants, Except Legal, Medical, and Executive",administrative-assistant,Administrative Assistant,exact,80,Very High
43-9021,Data Entry Keyers,data-entry-clerk,Data Entry Clerk,exact,92,Very High
43-9022,Word Processors and Typists,data-entry-clerk,Data Entry Clerk,close,92,Very High
43-9031,Desktop Publishers,data-entry-clerk,Data Entry Clerk,close,92,Very High
43-9041,Insurance Claims and Policy Processing Clerks,data-entry-clerk,Data Entry Clerk,close,92,Very High
43-9051,"Mail Clerks and Mail Machine Operators, Except Postal Service",mail-clerk,Mail Clerk,exact,50,Moderate
43-9061,"Office Clerks, General",office-clerk,Office Clerk (General),exact,56,High
43-9071,"Office Machine Operators, Except Computer",data-entry-clerk,Data Entry Clerk,close,92,Very High
43-9081,Proofreaders and Copy Markers,data-entry-clerk,Data Entry Clerk,close,92,Very High
43-9111,Statistical Assistants,data-entry-clerk,Data Entry Clerk,approximate,92,Very High
43-9199,"Office and Administrative Support Workers, All Other",data-entry-clerk,Data Entry Clerk,approximate,92,Very High
45-1011,"First-Line Supervisors of Farming, Fishing, and Forestry Workers",,,unmatched,,
45-2011,Agricultural Inspectors,,,unmatched,,
45-2021,Animal Breeders,,,unmatched,,
45-2041,"Graders and Sorters, Agricultural Products",,,unmatched,,
45-2091,Agricultural Equipment Operators,,,unmatched,,
45-2092,"Farmworkers and Laborers, Crop, Nursery, and Greenhouse",,,unmatched,,
45-2093,"Farmworkers, Farm, Ranch, and Aquacultural Animals",,,unmatched,,
45-2099,"Agricultural Workers, All Other",,,unmatched,,
45-3031,Fishing and Hunting Workers,,,unmatched,,
45-4011,Forest and Conservation Workers,,,unmatched,,
45-4021,Fallers,,,unmatched,,
45-4022,Logging Equipment Operators,,,unmatched,,
45-4023,Log Graders and Scalers,,,unmatched,,
45-4029,"Logging Workers, All Other",,,unmatched,,
47-1011,First-Line Supervisors of Construction Trades and Extraction Workers,carpenter,Carpenter,approximate,7,Low
47-2011,Boilermakers,carpenter,Carpenter,close,7,Low
47-2021,Brickmasons and Blockmasons,mason,Mason,exact,5,Low
47-2022,Stonemasons,mason,Mason,close,5,Low
47-2031,Carpenters,carpenter,Carpenter,exact,7,Low
47-2041,Carpet Installers,flooring-installer,Flooring Installer,close,6,Low
47-2042,"Floor Layers, Except Carpet, Wood, and Hard Tiles",flooring-installer,Flooring Installer,exact,6,Low
47-2043,Floor Sanders and Finishers,flooring-installer,Flooring Installer,close,6,Low
47-2044,Tile and Stone Setters,flooring-installer,Flooring Installer,close,6,Low
47-2051,Cement Masons and Concrete Finishers,carpenter,Carpenter,close,7,Low
47-2053,Terrazzo Workers and Finishers,carpenter,Carpenter,close,7,Low
47-2061,Construction Laborers,construction-laborer,Construction Laborer,exact,6,Low
47-2071,"Paving, Surfacing, and Tamping Equipment Operators",heavy-equipment-operator,Heavy Equipment Operator,close,8,Low
47-2072,Pile Driver Operators,heavy-equipment-operator,Heavy Equipment Operator,close,8,Low
47-2073,Operating Engineers and Other Construction Equipment Operators,heavy-equipment-operator,Heavy Equipment Operator,exact,8,Low
47-2081,Drywall and Ceiling Tile Installers,drywall-installer,Drywall Installer,exact,6,Low
47-2082,Tapers,drywall-installer,Drywall Installer,close,6,Low
47-2111,Electricians,electrician,Electrician,exact,8,Low
47-2121,Glaziers,glazier,Glazier,exact,5,Low
47-2131,"Insulation Workers, Floor, Ceiling, and Wall",insulation-worker,Insulation Worker,exact,6,Low
47-2132,"Insulation Workers, Mechanical",insulation-worker,Insulation Worker,close,6,Low
47-2141,"Painters, Construction and Maintenance",painter,Painter,exact,7,Low
47-2142,Paperhangers,painter,Painter,close,7,Low
47-2151,Pipelayers,plumber,Plumber,close,4,Low
47-2152,"Plumbers, Pipefitters, and Steamfitters",plumber,Plumber,exact,4,Low
47-2161,Plasterers and Stucco Masons,electrician,Electrician,close,8,Low
47-2171,Reinforcing Iron and Rebar Workers,electrician,Electrician,close,8,Low
47-2181,Roofers,roofer,Roofer,exact,6,Low
47-2211,Sheet Metal Workers,solar-installer,Solar Installer,close,12,Low
47-2221,Structural Iron and Steel Workers,ironworker,Ironworker,exact,4,Low
47-2231,Solar Photovoltaic Installers,solar-installer,Solar Installer,exact,12,Low
47-3011,"Helpers--Brickmasons, Blockmasons, Stonemasons, and Tile and Marble Setters",carpenter,Carpenter,approximate,7,Low
47-3012,Helpers--Carpenters,carpenter,Carpenter,approximate,7,Low
47-3013,Helpers--Electricians,carpenter,Carpenter,approximate,7,Low
47-3014,"Helpers--Painters, Paperhangers, Plasterers, and Stucco Masons",carpenter,Carpenter,approximate,7,Low
47-3015,"Helpers--Pipelayers, Plumbers, Pipefitters, and Steamfitters",carpenter,Carpenter,approximate,7,Low
47-3016,Helpers--Roofers,carpenter,Carpenter,approximate,7,Low
47-3019,"Helpers, Construction Trades, All Other",carpenter,Carpenter,approximate,7,Low
47-4011,Construction and Building Inspectors,building-inspector,Building Inspector,exact,25,Low
47-4021,Elevator and Escalator Installers and Repairers,elevator-technician,Elevator Technician,exact,7,Low
47-4031,Fence Erectors,building-inspector,Building Inspector,close,25,Low
47-4041,Hazardous Materials Removal Workers,building-inspector,Building Inspector,close,25,Low
47-4051,Highway Maintenance Workers,building-inspector,Building Inspector,close,25,Low
47-4061,Rail-Track Laying and Maintenance Equipment Operators,building-inspector,Building Inspector,close,25,Low
47-4071,Septic Tank Servicers and Sewer Pipe Cleaners,building-inspector,Building Inspector,close,25,Low
47-4091,Segmental Pavers,building-inspector,Building Inspector,close,25,Low
47-4099,"Construction and Related Workers, All Other",building-inspector,Building Inspector,close,25,Low
47-5011,"Derrick Operators, Oil and Gas",carpenter,Carpenter,approximate,7,Low
47-5012,"Rotary Drill Operators, Oil and Gas",carpenter,Carpenter,approximate,7,Low
47-5013,"Service Unit Operators, Oil and Gas",carpenter,Carpenter,approximate,7,Low
47-5022,"Excavating and Loading Machine and Dragline Operators, Surface Mining",carpenter,Carpenter,approximate,7,Low
47-5023,"Earth Drillers, Except Oil and Gas",carpenter,Carpenter,approximate,7,Low
47-5032,"Explosives Workers, Ordnance Handling Experts, and Blasters",carpenter,Carpenter,approximate,7,Low
47-5041,Continuous Mining Machine Operators,carpenter,Carpenter,approximate,7,Low
47-5043,"Roof Bolters, Mining",carpenter,Carpenter,approximate,7,Low
47-5044,"Loading and Moving Machine Operators, Underground Mining",carpenter,Carpenter,approximate,7,Low
47-5049,"Underground Mining Machine Operators, All Other",carpenter,Carpenter,approximate,7,Low
47-5051,"Rock Splitters, Quarry",carpenter,Carpenter,approximate,7,Low
47-5071,"Roustabouts, Oil and Gas",carpenter,Carpenter,approximate,7,Low
47-5081,Helpers--Extraction Workers,carpenter,Carpenter,approximate,7,Low
47-5099,"Extraction Workers, All Other",carpenter,Carpenter,approximate,7,Low
49-1011,"First-Line Supervisors of Mechanics, Installers, and Repairers",auto-mechanic,Auto Mechanic,approximate,13,Low
49-2011,"Computer, Automated Teller, and Office Machine Repairers",auto-mechanic,Auto Mechanic,approximate,13,Low
49-2021,"Radio, Cellular, and Tower Equipment Installers and Repairers",auto-mechanic,Auto Mechanic,approximate,13,Low
49-2022,"Telecommunications Equipment Installers and Repairers, Except Line Installers",auto-mechanic,Auto Mechanic,approximate,13,Low
49-2091,Avionics Technicians,auto-mechanic,Auto Mechanic,approximate,13,Low
49-2092,"Electric Motor, Power Tool, and Related Repairers",auto-mechanic,Auto Mechanic,approximate,13,Low
49-2093,"Electrical and Electronics Installers and Repairers, Transportation Equipment",auto-mechanic,Auto Mechanic,approximate,13,Low
49-2094,"Electrical and Electronics Repairers, Commercial and Industrial Equipment",auto-mechanic,Auto Mechanic,approximate,13,Low
49-2095,"Electrical and Electronics Repairers, Powerhouse, Substation, and Relay",auto-mechanic,Auto Mechanic,approximate,13,Low
49-2096,"Electronic Equipment Installers and Repairers, Motor Vehicles",auto-mechanic,Auto Mechanic,approximate,13,Low
49-2097,Audiovisual Equipment Installers and Repairers,auto-mechanic,Auto Mechanic,approximate,13,Low
49-2098,Security and Fire Alarm Systems Installers,auto-mechanic,Auto Mechanic,approximate,13,Low
49-3011,Aircraft Mechanics and Service Technicians,aircraft-mechanic,Aircraft Mechanic,exact,10,Low
49-3021,Automotive Body and Related Repairers,auto-mechanic,Auto Mechanic,close,13,Low
49-3022,Automotive Glass Installers and Repairers,auto-mechanic,Auto Mechanic,close,13,Low
49-3023,Automotive Service Technicians and Mechanics,auto-mechanic,Auto Mechanic,exact,13,Low
49-3031,Bus and Truck Mechanics and Diesel Engine Specialists,diesel-mechanic,Diesel Mechanic,exact,11,Low
49-3041,Farm Equipment Mechanics and Service Technicians,auto-mechanic,Auto Mechanic,close,13,Low
49-3042,"Mobile Heavy Equipment Mechanics, Except Engines",auto-mechanic,Auto Mechanic,close,13,Low
49-3043,Rail Car Repairers,auto-mechanic,Auto Mechanic,close,13,Low
49-3051,Motorboat Mechanics and Service Technicians,auto-mechanic,Auto Mechanic,close,13,Low
49-3052,Motorcycle Mechanics,auto-mechanic,Auto Mechanic,close,13,Low
49-3053,Outdoor Power Equipment and Other Small Engine Mechanics,auto-mechanic,Auto Mechanic,close,13,Low
49-3091,Bicycle Repairers,auto-mechanic,Auto Mechanic,close,13,Low
49-3092,Recreational Vehicle Service Technicians,auto-mechanic,Auto Mechanic,close,13,Low
49-3093,Tire Repairers and Changers,auto-mechanic,Auto Mechanic,close,13,Low
49-9011,Mechanical Door Repairers,hvac-technician,HVAC Technician,close,11,Low
49-9012,"Control and Valve Installers and Repairers, Except Mechanical Door",hvac-technician,HVAC Technician,close,11,Low
49-9021,"Heating, Air Conditioning, and Refrigeration Mechanics and Installers",hvac-technician,HVAC Technician,exact,11,Low
49-9031,Home Appliance Repairers,appliance-repair-technician,Appliance Repair Technician,exact,12,Low
49-9041,Industrial Machinery Mechanics,hvac-technician,HVAC Technician,close,11,Low
49-9043,"Maintenance Workers, Machinery",hvac-technician,HVAC Technician,close,11,Low
49-9044,Millwrights,hvac-technician,HVAC Technician,close,11,Low
49-9045,"Refractory Materials Repairers, Except Brickmasons",hvac-technician,HVAC Technician,close,11,Low
49-9051,Electrical Power-Line Installers and Repairers,hvac-technician,HVAC Technician,close,11,Low
49-9052,Telecommunications Line Installers and Repairers,hvac-technician,HVAC Technician,close,11,Low
49-9061,Camera and Photographic Equipment Repairers,hvac-technician,HVAC Technician,close,11,Low
49-9062,Medical Equipment Repairers,hvac-technician,HVAC Technician,close,11,Low
49-9063,Musical Instrument Repairers and Tuners,hvac-technician,HVAC Technician,close,11,Low
49-9064,Watch and Clock Repairers,hvac-technician,HVAC Technician,close,11,Low
49-9069,"Precision Instrument and Equipment Repairers, All Other",hvac-technician,HVAC Technician,close,11,Low
49-9071,"Maintenance and Repair Workers, General",hvac-technician,HVAC Technician,close,11,Low
49-9081,Wind Turbine Service Technicians,wind-turbine-technician,Wind Turbine Technician,exact,9,Low
49-9091,"Coin, Vending, and Amusement Machine Servicers and Repairers",locksmith,Locksmith,close,9,Low
49-9092,Commercial Divers,locksmith,Locksmith,close,9,Low
49-9094,Locksmiths and Safe Repairers,locksmith,Locksmith,exact,9,Low
49-9095,Manufactured Building and Mobile Home Installers,locksmith,Locksmith,close,9,Low
49-9096,Riggers,locksmith,Locksmith,close,9,Low
49-9097,Signal and Track Switch Repairers,locksmith,Locksmith,close,9,Low
49-9098,"Helpers--Installation, Maintenance, and Repair Workers",locksmith,Locksmith,close,9,Low
49-9099,"Installation, Maintenance, and Repair Workers, All Other",locksmith,Locksmith,close,9,Low
51-1011,First-Line Supervisors of Production and Operating Workers,welder,Welder,approximate,6,Low
51-2011,"Aircraft Structure, Surfaces, Rigging, and Systems Assemblers",welder,Welder,approximate,6,Low
51-2021,"Coil Winders, Tapers, and Finishers",welder,Welder,approximate,6,Low
51-2022,Electrical and Electronic Equipment Assemblers,welder,Welder,approximate,6,Low
51-2023,Electromechanical Equipment Assemblers,welder,Welder,approximate,6,Low
51-2031,Engine and Other Machine Assemblers,welder,Welder,approximate,6,Low
51-2041,Structural Metal Fabricators and Fitters,welder,Welder,approximate,6,Low
51-2051,Fiberglass Laminators and Fabricators,welder,Welder,approximate,6,Low
51-2061,Timing Device Assemblers and Adjusters,welder,Welder,approximate,6,Low
51-2092,Team Assemblers,welder,Welder,approximate,6,Low
51-2099,"Assemblers and Fabricators, All Other",welder,Welder,approximate,6,Low
51-3011,Bakers,welder,Welder,approximate,6,Low
51-3021,Butchers and Meat Cutters,welder,Welder,approximate,6,Low
51-3022,"Meat, Poultry, and Fish Cutters and Trimmers",welder,Welder,approximate,6,Low
51-3023,Slaughterers and Meat Packers,welder,Welder,approximate,6,Low
51-3091,"Food and Tobacco Roasting, Baking, and Drying Machine Operators and Tenders",welder,Welder,approximate,6,Low
51-3092,Food Batchmakers,welder,Welder,approximate,6,Low
51-3093,Food Cooking Machine Operators and Tenders,welder,Welder,approximate,6,Low
51-3099,"Food Processing Workers, All Other",welder,Welder,approximate,6,Low
51-4021,"Extruding and Drawing Machine Setters, Operators, and Tenders, Metal and Plastic",machinist,Machinist,close,15,Low
51-4022,"Forging Machine Setters, Operators, and Tenders, Metal and Plastic",machinist,Machinist,close,15,Low
51-4023,"Rolling Machine Setters, Operators, and Tenders, Metal and Plastic",machinist,Machinist,close,15,Low
51-4031,"Cutting, Punching, and Press Machine Setters, Operators, and Tenders, Metal and Plastic",machinist,Machinist,close,15,Low
51-4032,"Drilling and Boring Machine Tool Setters, Operators, and Tenders, Metal and Plastic",machinist,Machinist,close,15,Low
51-4033,"Grinding, Lapping, Polishing, and Buffing Machine Tool Setters, Operators, and Tenders, Metal and Plastic",machinist,Machinist,close,15,Low
51-4034,"Lathe and Turning Machine Tool Setters, Operators, and Tenders, Metal and Plastic",machinist,Machinist,close,15,Low
51-4035,"Milling and Planing Machine Setters, Operators, and Tenders, Metal and Plastic",machinist,Machinist,close,15,Low
51-4041,Machinists,machinist,Machinist,exact,15,Low
51-4051,Metal-Refining Furnace Operators and Tenders,machinist,Machinist,close,15,Low
51-4052,"Pourers and Casters, Metal",machinist,Machinist,close,15,Low
51-4061,"Model Makers, Metal and Plastic",machinist,Machinist,close,15,Low
51-4062,"Patternmakers, Metal and Plastic",machinist,Machinist,close,15,Low
51-4071,Foundry Mold and Coremakers,machinist,Machinist,close,15,Low
51-4072,"Molding, Coremaking, and Casting Machine Setters, Operators, and Tenders, Metal and Plastic",machinist,Machinist,close,15,Low
51-4081,"Multiple Machine Tool Setters, Operators, and Tenders, Metal and Plastic",machinist,Machinist,close,15,Low
51-4111,Tool and Die Makers,welder,Welder,close,6,Low
51-4121,"Welders, Cutters, Solderers, and Brazers",welder,Welder,exact,6,Low
51-4122,"Welding, Soldering, and Brazing Machine Setters, Operators, and Tenders",welder,Welder,close,6,Low
51-4191,"Heat Treating Equipment Setters, Operators, and Tenders, Metal and Plastic",welder,Welder,close,6,Low
51-4192,"Layout Workers, Metal and Plastic",welder,Welder,close,6,Low
51-4193,"Plating Machine Setters, Operators, and Tenders, Metal and Plastic",welder,Welder,close,6,Low
51-4194,"Tool Grinders, Filers, and Sharpeners",welder,Welder,close,6,Low
51-4199,"Metal Workers and Plastic Workers, All Other",welder,Welder,close,6,Low
51-5111,Prepress Technicians and Workers,welder,Welder,approximate,6,Low
51-5112,Printing Press Operators,welder,Welder,approximate,6,Low
51-5113,Print Binding and Finishing Workers,welder,Welder,approximate,6,Low
51-6011,Laundry and Dry-Cleaning Workers,welder,Welder,approximate,6,Low
51-6021,"Pressers, Textile, Garment, and Related Materials",welder,Welder,approximate,6,Low
51-6031,Sewing Machine Operators,welder,Welder,approximate,6,Low
51-6041,Shoe and Leather Workers and Repairers,welder,Welder,approximate,6,Low
51-6042,Shoe Machine Operators and Tenders,welder,Welder,approximate,6,Low
51-6051,"Sewers, Hand",welder,Welder,approximate,6,Low
51-6052,"Tailors, Dressmakers, and Custom Sewers",welder,Welder,approximate,6,Low
51-6061,Textile Bleaching and Dyeing Machine Operators and Tenders,welder,Welder,approximate,6,Low
51-6062,"Textile Cutting Machine Setters, Operators, and Tenders",welder,Welder,approximate,6,Low
51-6063,"Textile Knitting and Weaving Machine Setters, Operators, and Tenders",welder,Welder,approximate,6,Low
51-6064,"Textile Winding, Twisting, and Drawing Out Machine Setters, Operators, and Tenders",welder,Welder,approximate,6,Low
51-6091,"Extruding and Forming Machine Setters, Operators, and Tenders, Synthetic and Glass Fibers",welder,Welder,approximate,6,Low
51-6092,Fabric and Apparel Patternmakers,welder,Welder,approximate,6,Low
51-6093,Upholsterers,welder,Welder,approximate,6,Low
51-6099,"Textile, Apparel, and Furnishings Workers, All Other",welder,Welder,approximate,6,Low
51-7011,Cabinetmakers and Bench Carpenters,welder,Welder,approximate,6,Low
51-7021,Furniture Finishers,welder,Welder,approximate,6,Low
51-7031,"Model Makers, Wood",welder,Welder,approximate,6,Low
51-7032,"Patternmakers, Wood",welder,Welder,approximate,6,Low
51-7041,"Sawing Machine Setters, Operators, and Tenders, Wood",welder,Welder,approximate,6,Low
51-7042,"Woodworking Machine Setters, Operators, and Tenders, Except Sawing",welder,Welder,approximate,6,Low
51-7099,"Woodworkers, All Other",welder,Welder,approximate,6,Low
51-8011,Nuclear Power Reactor Operators,welder,Welder,approximate,6,Low
51-8012,Power Distributors and Dispatchers,welder,Welder,approximate,6,Low
51-8013,Power Plant Operators,welder,Welder,approximate,6,Low
51-8021,Stationary Engineers and Boiler Operators,welder,Welder,approximate,6,Low
51-8031,Water and Wastewater Treatment Plant and System Operators,welder,Welder,approximate,6,Low
51-8091,Chemical Plant and System Operators,welder,Welder,approximate,6,Low
51-8092,Gas Plant Operators,welder,Welder,approximate,6,Low
51-8093,"Petroleum Pump System Operators, Refinery Operators, and Gaugers",welder,Welder,approximate,6,Low
51-8099,"Plant and System Operators, All Other",welder,Welder,approximate,6,Low
51-9011,Chemical Equipment Operators and Tenders,cnc-operator,CNC Operator,approximate,18,Low
51-9012,"Separating, Filtering, Clarifying, Precipitating, and Still Machine Setters, Operators, and Tenders",cnc-operator,CNC Operator,approximate,18,Low
51-9021,"Crushing, Grinding, and Polishing Machine Setters, Operators, and Tenders",cnc-operator,CNC Operator,approximate,18,Low
51-9022,"Grinding and Polishing Workers, Hand",cnc-operator,CNC Operator,approximate,18,Low
51-9023,"Mixing and Blending Machine Setters, Operators, and Tenders",cnc-operator,CNC Operator,approximate,18,Low
51-9031,"Cutters and Trimmers, Hand",cnc-operator,CNC Operator,approximate,18,Low
51-9032,"Cutting and Slicing Machine Setters, Operators, and Tenders",cnc-operator,CNC Operator,approximate,18,Low
51-9041,"Extruding, Forming, Pressing, and Compacting Machine Setters, Operators, and Tenders",cnc-operator,CNC Operator,approximate,18,Low
51-9051,"Furnace, Kiln, Oven, Drier, and Kettle Operators and Tenders",cnc-operator,CNC Operator,approximate,18,Low
51-9061,"Inspectors, Testers, Sorters, Samplers, and Weighers",cnc-operator,CNC Operator,approximate,18,Low
51-9071,Jewelers and Precious Stone and Metal Workers,cnc-operator,CNC Operator,approximate,18,Low
51-9081,Dental Laboratory Technicians,cnc-operator,CNC Operator,approximate,18,Low
51-9082,Medical Appliance Technicians,cnc-operator,CNC Operator,approximate,18,Low
51-9083,Ophthalmic Laboratory Technicians,cnc-operator,CNC Operator,approximate,18,Low
51-9111,Packaging and Filling Machine Operators and Tenders,cnc-operator,CNC Operator,close,18,Low
51-9123,"Painting, Coating, and Decorating Workers",cnc-operator,CNC Operator,close,18,Low
51-9124,"Coating, Painting, and Spraying Machine Setters, Operators, and Tenders",cnc-operator,CNC Operator,close,18,Low
51-9141,Semiconductor Processing Technicians,cnc-operator,CNC Operator,close,18,Low
51-9151,Photographic Process Workers and Processing Machine Operators,cnc-operator,CNC Operator,close,18,Low
51-9161,Computer Numerically Controlled Tool Operators,cnc-operator,CNC Operator,exact,18,Low
51-9162,Computer Numerically Controlled Tool Programmers,cnc-operator,CNC Operator,close,18,Low
51-9191,Adhesive Bonding Machine Operators and Tenders,cnc-operator,CNC Operator,close,18,Low
51-9192,"Cleaning, Washing, and Metal Pickling Equipment Operators and Tenders",cnc-operator,CNC Operator,close,18,Low
51-9193,Cooling and Freezing Equipment Operators and Tenders,cnc-operator,CNC Operator,close,18,Low
51-9194,Etchers and Engravers,cnc-operator,CNC Operator,close,18,Low
51-9195,"Molders, Shapers, and Casters, Except Metal and Plastic",cnc-operator,CNC Operator,close,18,Low
51-9196,"Paper Goods Machine Setters, Operators, and Tenders",cnc-operator,CNC Operator,close,18,Low
51-9197,Tire Builders,cnc-operator,CNC Operator,close,18,Low
51-9198,Helpers--Production Workers,cnc-operator,CNC Operator,close,18,Low
51-9199,"Production Workers, All Other",cnc-operator,CNC Operator,close,18,Low
53-1041,Aircraft Cargo Handling Supervisors,airline-pilot,Airline Pilot,approximate,7,Low
53-1042,"First-Line Supervisors of Helpers, Laborers, and Material Movers, Hand",airline-pilot,Airline Pilot,approximate,7,Low
53-1043,First-Line Supervisors of Material-Moving Machine and Vehicle Operators,airline-pilot,Airline Pilot,approximate,7,Low
53-1044,First-Line Supervisors of Passenger Attendants,airline-pilot,Airline Pilot,approximate,7,Low
53-1049,"First-Line Supervisors of Transportation Workers, All Other",airline-pilot,Airline Pilot,approximate,7,Low
53-2011,"Airline Pilots, Copilots, and Flight Engineers",airline-pilot,Airline Pilot,exact,7,Low
53-2012,Commercial Pilots,airline-pilot,Airline Pilot,close,7,Low
53-2021,Air Traffic Controllers,air-traffic-controller,Air Traffic Controller,exact,8,Low
53-2022,Airfield Operations Specialists,air-traffic-controller,Air Traffic Controller,close,8,Low
53-2031,Flight Attendants,flight-attendant,Flight Attendant,exact,5,Low
53-3011,"Ambulance Drivers and Attendants, Except Emergency Medical Technicians",delivery-driver,Delivery Driver,close,15,Low
53-3031,Driver/Sales Workers,delivery-driver,Delivery Driver,close,15,Low
53-3032,Heavy and Tractor-Trailer Truck Drivers,truck-driver,Truck Driver,exact,13,Low
53-3033,Light Truck Drivers,delivery-driver,Delivery Driver,exact,15,Low
53-3051,"Bus Drivers, School",rideshare-driver,Rideshare Driver,close,16,Low
53-3052,"Bus Drivers, Transit and Intercity",bus-driver,Bus Driver,exact,10,Low
53-3053,Shuttle Drivers and Chauffeurs,rideshare-driver,Rideshare Driver,close,16,Low
53-3054,Taxi Drivers,rideshare-driver,Rideshare Driver,exact,16,Low
53-3099,"Motor Vehicle Operators, All Other",delivery-driver,Delivery Driver,close,15,Low
53-4011,Locomotive Engineers,train-conductor,Train Conductor,close,11,Low
53-4013,"Rail Yard Engineers, Dinkey Operators, and Hostlers",train-conductor,Train Conductor,close,11,Low
53-4022,"Railroad Brake, Signal, and Switch Operators and Locomotive Firers",train-conductor,Train Conductor,close,11,Low
53-4031,Railroad Conductors and Yardmasters,train-conductor,Train Conductor,exact,11,Low
53-4041,Subway and Streetcar Operators,train-conductor,Train Conductor,close,11,Low
53-4099,"Rail Transportation Workers, All Other",train-conductor,Train Conductor,close,11,Low
53-5011,Sailors and Marine Oilers,airline-pilot,Airline Pilot,approximate,7,Low
53-5021,"Captains, Mates, and Pilots of Water Vessels",airline-pilot,Airline Pilot,approximate,7,Low
53-5022,Motorboat Operators,airline-pilot,Airline Pilot,approximate,7,Low
53-5031,Ship Engineers,airline-pilot,Airline Pilot,approximate,7,Low
53-6011,Bridge and Lock Tenders,airline-pilot,Airline Pilot,approximate,7,Low
53-6021,Parking Attendants,airline-pilot,Airline Pilot,approximate,7,Low
53-6031,Automotive and Watercraft Service Attendants,airline-pilot,Airline Pilot,approximate,7,Low
53-6032,Aircraft Service Attendants,airline-pilot,Airline Pilot,approximate,7,Low
53-6041,Traffic Technicians,airline-pilot,Airline Pilot,approximate,7,Low
53-6051,Transportation Inspectors,airline-pilot,Airline Pilot,approximate,7,Low
53-6061,Passenger Attendants,airline-pilot,Airline Pilot,approximate,7,Low
53-6099,"Transportation Workers, All Other",airline-pilot,Airline Pilot,approximate,7,Low
53-7011,Conveyor Operators and Tenders,warehouse-worker,Warehouse Worker,close,19,Low
53-7021,Crane and Tower Operators,crane-operator,Crane Operator,exact,6,Low
53-7031,Dredge Operators,warehouse-worker,Warehouse Worker,close,19,Low
53-7041,Hoist and Winch Operators,warehouse-worker,Warehouse Worker,close,19,Low
53-7051,Industrial Truck and Tractor Operators,forklift-operator,Forklift Operator,exact,19,Low
53-7061,Cleaners of Vehicles and Equipment,warehouse-worker,Warehouse Worker,close,19,Low
53-7062,"Laborers and Freight, Stock, and Material Movers, Hand",warehouse-worker,Warehouse Worker,exact,19,Low
53-7063,Machine Feeders and Offbearers,warehouse-worker,Warehouse Worker,close,19,Low
53-7064,"Packers and Packagers, Hand",package-handler,Package Handler,exact,24,Low
53-7065,Stockers and Order Fillers,warehouse-worker,Warehouse Worker,close,19,Low
53-7071,Gas Compressor and Gas Pumping Station Operators,warehouse-worker,Warehouse Worker,close,19,Low
53-7072,"Pump Operators, Except Wellhead Pumpers",warehouse-worker,Warehouse Worker,close,19,Low
53-7073,Wellhead Pumpers,warehouse-worker,Warehouse Worker,close,19,Low
53-7081,Refuse and Recyclable Material Collectors,warehouse-worker,Warehouse Worker,close,19,Low
53-7121,"Tank Car, Truck, and Ship Loaders",warehouse-worker,Warehouse Worker,approximate,19,Low
53-7199,"Material Moving Workers, All Other",warehouse-worker,Warehouse Worker,approximate,19,Low
55-1011,Air Crew Officers,,,unmatched,,
55-1012,Aircraft Launch and Recovery Officers,,,unmatched,,
55-1013,Armored Assault Vehicle Officers,,,unmatched,,
55-1014,Artillery and Missile Officers,,,unmatched,,
55-1015,Command and Control Center Officers,,,unmatched,,
55-1016,Infantry Officers,,,unmatched,,
55-1017,Special Forces Officers,,,unmatched,,
55-1019,"Military Officer Special and Tactical Operations Leaders, All Other",,,unmatched,,
55-2011,First-Line Supervisors of Air Crew Members,,,unmatched,,
55-2012,First-Line Supervisors of Weapons Specialists/Crew Members,,,unmatched,,
55-2013,First-Line Supervisors of All Other Tactical Operations Specialists,,,unmatched,,
55-3011,Air Crew Members,,,unmatched,,
55-3012,Aircraft Launch and Recovery Specialists,,,unmatched,,
55-3013,Armored Assault Vehicle Crew Members,,,unmatched,,
55-3014,Artillery and Missile Crew Members,,,unmatched,,
55-3015,Command and Control Center Specialists,,,unmatched,,
55-3016,Infantry,,,unmatched,,
55-3018,Special Forces,,,unmatched,,
55-3019,"Military Enlisted Tactical Operations and Air/Weapons Specialists and Crew Members, All Other",,,unmatched,,
